run_id	p	r	f1	err-p-left	err-r-left	err-f1-left	err-p-right	err-r-right	err-f1-right
entity:1	0.949629706813	0.0365100464393	0.0702931214632	0.0206265266902	0.00569830210362	0.0106239613444	0.021070761746	0.00610835965994	0.0112860550115
entity:2	0.692272712398	0.0267617873484	0.0515167082412	0.022376814181	0.00376205094401	0.00699611818313	0.024728646908	0.00437126045551	0.00802675139283
entity:3	0.747978832919	0.0478743961343	0.089958377174	0.0175619930476	0.0063604186862	0.011333342133	0.0168247436615	0.00654667552269	0.0116201311385
relation:1	0.834152979477	0.22997449683	0.360341356405	0.0138163141855	0.0202396852137	0.0252232535331	0.0133002084797	0.0220411038704	0.0265278885977
relation:2	0.498863548259	0.0922032244557	0.155558089357	0.0153225089274	0.00967041534881	0.0140010463582	0.0143436264463	0.00990293702935	0.014194250081
relation:3	0.654180234528	0.244824365199	0.356062061718	0.0155003469499	0.0212409632982	0.022892523842	0.0157371754365	0.0223502763072	0.0242958766531
