run_id	p	r	f1	err-p-left	err-r-left	err-f1-left	err-p-right	err-r-right	err-f1-right
entity:1	0.938825981804	0.186943676681	0.311800161745	0.0223122888185	0.0199579513416	0.0283612536045	0.0241770530326	0.02214906317	0.0309593041561
entity:2	0.495003496215	0.0843915428504	0.144199055723	0.0262051368019	0.0124236637927	0.0187790515758	0.0249888937544	0.0133077047151	0.0191468314319
entity:3	0.73497401739	0.223623456375	0.342912295542	0.0239572429618	0.0214819546996	0.0262758885046	0.0259409833504	0.0243107899914	0.0275485966119
relation:1	0.785908504607	0.186290248875	0.301187571763	0.0325985929609	0.0235572127638	0.0319066751215	0.0364433425454	0.0234047604201	0.029558113995
relation:2	0.406697026774	0.0840756962124	0.139344890504	0.0289768695941	0.0158443431768	0.0223865889533	0.0317452702397	0.0182660885111	0.0243516567991
relation:3	0.357472112942	0.220062548025	0.272420789049	0.0364232883758	0.0219650660803	0.0211272574765	0.0379682499347	0.022220237738	0.020363981993
