run_id	p	r	f1	err-p-left	err-r-left	err-f1-left	err-p-right	err-r-right	err-f1-right
entity:1	0.938900203666	0.18201754386	0.304922121856	0.0162932790224	0.0197368421053	0.0279493845941	0.0162932790224	0.0186951754386	0.0267362861663
entity:2	0.594320486815	0.118421052632	0.197491106534	0.0365111561866	0.0175438596491	0.0246082828434	0.0385395537525	0.0154057017544	0.0213075645489
entity:3	0.742393509128	0.229166666667	0.350224000696	0.0344827586207	0.0208881578947	0.0244360990666	0.0344827586207	0.0219298245614	0.0256319494762
relation:1	0.797222222222	0.18201754386	0.296369563054	0.0361111111111	0.0197368421053	0.0268605980985	0.0305555555556	0.0186951754386	0.0253699757679
relation:2	0.428571428571	0.118421052632	0.185567010309	0.0383795309168	0.0175438596491	0.021991066374	0.0362473347548	0.0154057017544	0.0189132336105
relation:3	0.35881104034	0.229166666667	0.279696080644	0.036093418259	0.0208881578947	0.0201505888094	0.036093418259	0.0219298245614	0.0200739494805
