run_id	p	r	f1	err-p-left	err-r-left	err-f1-left	err-p-right	err-r-right	err-f1-right
entity:1	0.95576843467	0.0450197368421	0.0859060769405	0.0126895213454	0.0110285087719	0.0202427529734	0.0118900388098	0.0119978070175	0.0216615187958
entity:2	0.697945827233	0.0275394736842	0.0529156176354	0.0303030746706	0.00785745614035	0.0146820837402	0.0297262079063	0.00974122807018	0.0177522461694
entity:3	0.839302590674	0.0557094298246	0.104368342374	0.018629015544	0.0118497807018	0.0210170488234	0.0187284974093	0.0133695175439	0.0232364969978
relation:1	0.899524344569	0.0601513157895	0.112650969774	0.0133820224719	0.0119057017544	0.0210873986467	0.0135842696629	0.0133135964912	0.0232876971666
relation:2	0.640758106355	0.0350186403509	0.0663118100807	0.0194870298314	0.0087576754386	0.0159352382936	0.0207204928664	0.0099375	0.0177898009643
relation:3	0.707584031267	0.0718355263158	0.13027188439	0.0169363484087	0.0137214912281	0.0228180287315	0.0165924064768	0.0147872807018	0.0240083485059
